core_id,workload_idx,layer_name,op_type,start_cycle,loading_done_cycle,compute_done_cycle,end_cycle,loading_cycles,loading_dram_cycles,loading_core_cycles,compute_cycles,writeback_cycles,idle_before_cycles,data_sources
0,0,conv1,,0,109,110,385,109,0,0,1,275,0,"waiting_for=[t0(DRAM,4704B),t1(DRAM,77280B)]"
0,1,pool1,,386,667,1451,1520,281,0,0,784,69,0,"waiting_for=[t4(DRAM,204288B)]"
0,2,conv_2_0_a,,1521,1660,1661,1730,139,0,0,1,69,0,"waiting_for=[t12(DRAM,2048B),t13(DRAM,100352B)]"
0,3,conv_2_0_b,,1731,1882,1883,2021,151,0,0,1,138,0,"waiting_for=[t20(DRAM,18432B),t21(DRAM,103936B)]"
0,4,conv_2_0_c,,2022,2261,2262,2538,239,0,0,1,276,0,"waiting_for=[t28(DRAM,8192B),t29(DRAM,100352B),t37(DRAM,100352B)]"
0,5,conv_2_br,,2539,3120,3121,3439,581,0,0,1,318,0,"waiting_for=[t36(DRAM,8192B),t37(DRAM,100352B),t40(DRAM,200704B),t42(DRAM,200704B)]"
0,6,conv_2_0_res,,3440,4189,7325,7600,749,0,0,3136,275,0,"waiting_for=[t40(DRAM,200704B),t42(DRAM,200704B)]"
0,7,conv_2_1_a,,7601,8154,8155,8224,553,0,0,1,69,0,"waiting_for=[t56(DRAM,8192B),t57(DRAM,401408B)]"
0,8,conv_2_1_b,,8225,8376,8377,8446,151,0,0,1,69,0,"waiting_for=[t64(DRAM,18432B),t65(DRAM,103936B)]"
0,9,conv_2_1_c,,8447,8980,8981,9416,533,0,0,1,435,0,"waiting_for=[t72(DRAM,8192B),t73(DRAM,100352B),t80(DRAM,200704B),t81(DRAM,200704B)]"
0,10,conv_2_1_res,,9417,10047,13183,13458,630,0,0,3136,275,0,"waiting_for=[t80(DRAM,200704B),t81(DRAM,200704B)]"
0,11,conv_2_2_a,,13459,14012,14013,14082,553,0,0,1,69,0,"waiting_for=[t92(DRAM,8192B),t93(DRAM,401408B)]"
0,12,conv_2_2_b,,14083,14234,14235,14304,151,0,0,1,69,0,"waiting_for=[t100(DRAM,18432B),t101(DRAM,103936B)]"
0,13,conv_2_2_c,,14305,14839,14840,15114,534,0,0,1,274,0,"waiting_for=[t108(DRAM,8192B),t109(DRAM,100352B),t116(DRAM,200704B),t117(DRAM,200704B)]"
0,14,conv_2_2_res,,15115,15664,18800,19074,549,0,0,3136,274,0,"waiting_for=[t116(DRAM,200704B),t117(DRAM,200704B)]"
0,15,conv_3_0_a,,19075,19603,19604,19639,528,0,0,1,35,0,"waiting_for=[t128(DRAM,16384B),t129(DRAM,380160B)]"
0,16,conv_3_0_b,,19640,19795,19796,19831,155,0,0,1,35,0,"waiting_for=[t136(DRAM,73728B),t137(DRAM,53760B)]"
0,17,conv_3_0_c,,19832,20386,20387,20524,554,0,0,1,137,0,"waiting_for=[t144(DRAM,32768B),t145(DRAM,50176B),t153(DRAM,380160B)]"
0,18,conv_3_br,,20525,21268,21269,21406,743,0,0,1,137,0,"waiting_for=[t152(DRAM,65536B),t153(DRAM,380160B),t156(DRAM,100352B),t158(DRAM,100352B)]"
0,19,conv_3_0_res,,21407,21742,23310,23698,335,0,0,1568,388,0,"waiting_for=[t156(DRAM,100352B),t158(DRAM,100352B)]"
0,20,conv_3_1_a,,23699,24278,24279,24384,579,0,0,1,105,0,"waiting_for=[t172(DRAM,32768B),t173(DRAM,200704B)]"
0,21,conv_3_1_b,,24385,24696,24697,24732,311,0,0,1,35,0,"waiting_for=[t180(DRAM,73728B),t181(DRAM,53760B)]"
0,22,conv_3_1_c,,24733,25024,25025,25162,291,0,0,1,137,0,"waiting_for=[t188(DRAM,32768B),t189(DRAM,50176B),t196(DRAM,100352B),t197(DRAM,100352B)]"
0,23,conv_3_1_res,,25163,25399,26967,27142,236,0,0,1568,175,0,"waiting_for=[t196(DRAM,100352B),t197(DRAM,100352B)]"
0,24,conv_3_2_a,,27143,27540,27541,27585,397,0,0,1,44,0,"waiting_for=[t208(DRAM,32768B),t209(DRAM,200704B)]"
0,25,conv_3_2_b,,27586,27810,27811,27950,224,0,0,1,139,0,"waiting_for=[t216(DRAM,73728B),t217(DRAM,53760B)]"
0,26,conv_3_2_c,,27951,28391,28392,28616,440,0,0,1,224,0,"waiting_for=[t224(DRAM,32768B),t225(DRAM,50176B),t232(DRAM,100352B),t233(DRAM,100352B)]"
0,27,conv_3_2_res,,28617,28853,30421,30607,236,0,0,1568,186,0,"waiting_for=[t232(DRAM,100352B),t233(DRAM,100352B)]"
0,28,conv_3_3_a,,30608,30996,30997,31052,388,0,0,1,55,0,"waiting_for=[t244(DRAM,32768B),t245(DRAM,200704B)]"
0,29,conv_3_3_b,,31053,31276,31277,31406,223,0,0,1,129,0,"waiting_for=[t252(DRAM,73728B),t253(DRAM,53760B)]"
0,30,conv_3_3_c,,31407,31847,31848,32071,440,0,0,1,223,0,"waiting_for=[t260(DRAM,32768B),t261(DRAM,50176B),t268(DRAM,100352B),t269(DRAM,100352B)]"
0,31,conv_3_3_res,,32072,32308,33876,34063,236,0,0,1568,187,0,"waiting_for=[t268(DRAM,100352B),t269(DRAM,100352B)]"
0,32,conv_4_0_a,,34064,34437,34438,34508,373,0,0,1,70,0,"waiting_for=[t280(DRAM,65536B),t281(DRAM,179712B)]"
0,33,conv_4_0_b,,34509,35010,35011,35058,501,0,0,1,47,0,"waiting_for=[t288(DRAM,294912B),t289(DRAM,28672B)]"
0,34,conv_4_0_c,,35059,35517,35518,35587,458,0,0,1,69,0,"waiting_for=[t296(DRAM,131072B),t297(DRAM,25088B),t305(DRAM,179712B)]"
0,35,conv_4_br,,35588,36221,36222,36290,633,0,0,1,68,0,"waiting_for=[t304(DRAM,262144B),t305(DRAM,179712B),t308(DRAM,50176B),t310(DRAM,50176B)]"
0,36,conv_4_0_res,,36291,36410,37194,37349,119,0,0,784,155,0,"waiting_for=[t308(DRAM,50176B),t310(DRAM,50176B)]"
0,37,conv_4_1_a,,37350,37632,37633,37714,282,0,0,1,81,0,"waiting_for=[t324(DRAM,131072B),t325(DRAM,100352B)]"
0,38,conv_4_1_b,,37715,38151,38152,38259,436,0,0,1,107,0,"waiting_for=[t332(DRAM,294912B),t333(DRAM,28672B)]"
0,39,conv_4_1_c,,38260,38563,38564,38638,303,0,0,1,74,0,"waiting_for=[t340(DRAM,131072B),t341(DRAM,25088B),t348(DRAM,50176B),t349(DRAM,50176B)]"
0,40,conv_4_1_res,,38639,39100,39884,39953,461,0,0,784,69,0,"waiting_for=[t348(DRAM,50176B),t349(DRAM,50176B)]"
0,41,conv_4_2_a,,39954,40232,40233,40273,278,0,0,1,40,0,"waiting_for=[t360(DRAM,131072B),t361(DRAM,100352B)]"
0,42,conv_4_2_b,,40274,40706,40707,40741,432,0,0,1,34,0,"waiting_for=[t368(DRAM,294912B),t369(DRAM,28672B)]"
0,43,conv_4_2_c,,40742,41045,41046,41197,303,0,0,1,151,0,"waiting_for=[t376(DRAM,131072B),t377(DRAM,25088B),t384(DRAM,50176B),t385(DRAM,50176B)]"
0,44,conv_4_2_res,,41198,41335,42119,42199,137,0,0,784,80,0,"waiting_for=[t384(DRAM,50176B),t385(DRAM,50176B)]"
0,45,conv_4_3_a,,42200,42478,42479,42537,278,0,0,1,58,0,"waiting_for=[t396(DRAM,131072B),t397(DRAM,100352B)]"
0,46,conv_4_3_b,,42538,42970,42971,42989,432,0,0,1,18,0,"waiting_for=[t404(DRAM,294912B),t405(DRAM,28672B)]"
0,47,conv_4_3_c,,42990,43293,43294,43385,303,0,0,1,91,0,"waiting_for=[t412(DRAM,131072B),t413(DRAM,25088B),t420(DRAM,50176B),t421(DRAM,50176B)]"
0,48,conv_4_3_res,,43386,43505,44289,44430,119,0,0,784,141,0,"waiting_for=[t420(DRAM,50176B),t421(DRAM,50176B)]"
0,49,conv_4_4_a,,44431,44709,44710,44768,278,0,0,1,58,0,"waiting_for=[t432(DRAM,131072B),t433(DRAM,100352B)]"
0,50,conv_4_4_b,,44769,45201,45202,45281,432,0,0,1,79,0,"waiting_for=[t440(DRAM,294912B),t441(DRAM,28672B)]"
0,51,conv_4_4_c,,45282,45585,45586,45699,303,0,0,1,113,0,"waiting_for=[t448(DRAM,131072B),t449(DRAM,25088B),t456(DRAM,50176B),t457(DRAM,50176B)]"
0,52,conv_4_4_res,,45700,45819,46603,46707,119,0,0,784,104,0,"waiting_for=[t456(DRAM,50176B),t457(DRAM,50176B)]"
0,53,conv_4_5_a,,46708,46986,46987,47045,278,0,0,1,58,0,"waiting_for=[t468(DRAM,131072B),t469(DRAM,100352B)]"
0,54,conv_4_5_b,,47046,47478,47479,47554,432,0,0,1,75,0,"waiting_for=[t476(DRAM,294912B),t477(DRAM,28672B)]"
0,55,conv_4_5_c,,47555,47858,47859,47972,303,0,0,1,113,0,"waiting_for=[t484(DRAM,131072B),t485(DRAM,25088B),t492(DRAM,50176B),t493(DRAM,50176B)]"
0,56,conv_4_5_res,,47973,48092,48876,48980,119,0,0,784,104,0,"waiting_for=[t492(DRAM,50176B),t493(DRAM,50176B)]"
0,57,conv_5_0_a,,48981,49330,49331,49341,349,0,0,1,10,0,"waiting_for=[t504(DRAM,131072B),t505(DRAM,173056B)]"
0,58,conv_5_0_b,,49342,50174,50175,50228,832,0,0,1,53,0,"waiting_for=[t513(DRAM,589824B),t514(DRAM,25088B)]"
0,59,conv_5_0_c,,50229,50782,50783,50884,553,0,0,1,101,0,"waiting_for=[t522(DRAM,262144B),t523(DRAM,25088B),t532(DRAM,173056B)]"
0,60,conv_5_br,,50885,51840,51841,51876,955,0,0,1,35,0,"waiting_for=[t531(DRAM,524288B),t532(DRAM,173056B),t536(DRAM,25088B),t538(DRAM,25088B)]"
0,61,conv_5_0_res,,51877,51937,52329,52450,60,0,0,392,121,0,"waiting_for=[t536(DRAM,25088B),t538(DRAM,25088B)]"
0,62,conv_5_1_a,,52451,53036,53037,53107,585,0,0,1,70,0,"waiting_for=[t552(DRAM,262144B),t553(DRAM,100352B)]"
0,63,conv_5_1_b,,53108,54190,54191,54210,1082,0,0,1,19,0,"waiting_for=[t561(DRAM,589824B),t562(DRAM,25088B)]"
0,64,conv_5_1_c,,54211,54644,54645,54747,433,0,0,1,102,0,"waiting_for=[t570(DRAM,262144B),t571(DRAM,25088B),t579(DRAM,25088B),t580(DRAM,25088B)]"
0,65,conv_5_1_res,,54748,55280,55672,55707,532,0,0,392,35,0,"waiting_for=[t579(DRAM,25088B),t580(DRAM,25088B)]"
0,66,conv_5_2_a,,55708,56165,56166,56274,457,0,0,1,108,0,"waiting_for=[t591(DRAM,262144B),t592(DRAM,100352B)]"
0,67,conv_5_2_b,,56275,57107,57108,57171,832,0,0,1,63,0,"waiting_for=[t600(DRAM,589824B),t601(DRAM,25088B)]"
0,68,conv_5_2_c,,57172,57855,57856,57942,683,0,0,1,86,0,"waiting_for=[t609(DRAM,262144B),t610(DRAM,25088B),t618(DRAM,25088B),t619(DRAM,25088B)]"
0,69,conv_5_2_res,,57943,58028,58420,58545,85,0,0,392,125,0,"waiting_for=[t618(DRAM,25088B),t619(DRAM,25088B),t630(DRAM,25088B)]"
0,70,pool5,,58546,58591,58599,58625,45,0,0,8,26,0,"waiting_for=[t630(DRAM,25088B)]"
0,71,fc,,58626,59339,59340,59548,713,0,0,1,208,0,"waiting_for=[t638(DRAM,512000B),t639(DRAM,2048B)]"
1,0,conv1,,0,339,340,615,339,0,0,1,275,0,"waiting_for=[t3(DRAM,4704B),t2(DRAM,76608B),t11(DRAM,200704B)]"
1,1,pool1,,616,1066,1850,1919,450,0,0,784,69,0,"waiting_for=[t11(DRAM,200704B),t16(DRAM,100352B)]"
1,2,conv_2_0_a,,1920,2161,2162,2243,241,0,0,1,81,0,"waiting_for=[t19(DRAM,2048B),t16(DRAM,100352B),t26(DRAM,103936B)]"
1,3,conv_2_0_b,,2244,2493,2494,2806,249,0,0,1,312,0,"waiting_for=[t27(DRAM,18432B),t26(DRAM,103936B),t32(DRAM,100352B)]"
1,4,conv_2_0_c,,2807,3085,3086,3361,278,0,0,1,275,0,"waiting_for=[t35(DRAM,8192B),t32(DRAM,100352B),t38(DRAM,100352B)]"
1,5,conv_2_br,,3362,3971,3972,4431,609,0,0,1,459,0,"waiting_for=[t39(DRAM,8192B),t38(DRAM,100352B),t52(DRAM,200704B),t54(DRAM,200704B)]"
1,6,conv_2_0_res,,4432,5295,8431,8725,863,0,0,3136,294,0,"waiting_for=[t52(DRAM,200704B),t54(DRAM,200704B),t60(DRAM,401408B)]"
1,7,conv_2_1_a,,8726,9381,9382,9753,655,0,0,1,371,0,"waiting_for=[t63(DRAM,8192B),t60(DRAM,401408B),t70(DRAM,103936B)]"
1,8,conv_2_1_b,,9754,10003,10004,10108,249,0,0,1,104,0,"waiting_for=[t71(DRAM,18432B),t70(DRAM,103936B),t76(DRAM,100352B)]"
1,9,conv_2_1_c,,10109,10642,10643,10918,533,0,0,1,275,0,"waiting_for=[t79(DRAM,8192B),t76(DRAM,100352B),t89(DRAM,200704B),t90(DRAM,200704B)]"
1,10,conv_2_1_res,,10919,11783,14919,15194,864,0,0,3136,275,0,"waiting_for=[t89(DRAM,200704B),t90(DRAM,200704B),t96(DRAM,401408B)]"
1,11,conv_2_2_a,,15195,16004,16005,16074,809,0,0,1,69,0,"waiting_for=[t99(DRAM,8192B),t96(DRAM,401408B),t106(DRAM,103936B)]"
1,12,conv_2_2_b,,16075,16324,16325,16400,249,0,0,1,75,0,"waiting_for=[t107(DRAM,18432B),t106(DRAM,103936B),t112(DRAM,100352B)]"
1,13,conv_2_2_c,,16401,16934,16935,17238,533,0,0,1,303,0,"waiting_for=[t115(DRAM,8192B),t112(DRAM,100352B),t125(DRAM,200704B),t126(DRAM,200704B)]"
1,14,conv_2_2_res,,17239,18082,21218,21565,843,0,0,3136,347,0,"waiting_for=[t125(DRAM,200704B),t126(DRAM,200704B),t132(DRAM,380160B)]"
1,15,conv_3_0_a,,21566,22223,22224,22281,657,0,0,1,57,0,"waiting_for=[t135(DRAM,16384B),t132(DRAM,380160B),t142(DRAM,53760B)]"
1,16,conv_3_0_b,,22282,22486,22487,22522,204,0,0,1,35,0,"waiting_for=[t143(DRAM,73728B),t142(DRAM,53760B),t148(DRAM,50176B)]"
1,17,conv_3_0_c,,22523,23097,23098,23365,574,0,0,1,267,0,"waiting_for=[t151(DRAM,32768B),t148(DRAM,50176B),t154(DRAM,380160B)]"
1,18,conv_3_br,,23366,24109,24110,24374,743,0,0,1,264,0,"waiting_for=[t155(DRAM,65536B),t154(DRAM,380160B),t168(DRAM,100352B),t170(DRAM,100352B)]"
1,19,conv_3_0_res,,24375,24817,26385,26522,442,0,0,1568,137,0,"waiting_for=[t168(DRAM,100352B),t170(DRAM,100352B),t176(DRAM,200704B)]"
1,20,conv_3_1_a,,26523,26864,26865,26900,341,0,0,1,35,0,"waiting_for=[t179(DRAM,32768B),t176(DRAM,200704B),t186(DRAM,53760B)]"
1,21,conv_3_1_b,,26901,27105,27106,27242,204,0,0,1,136,0,"waiting_for=[t187(DRAM,73728B),t186(DRAM,53760B),t192(DRAM,50176B)]"
1,22,conv_3_1_c,,27243,27634,27635,27772,391,0,0,1,137,0,"waiting_for=[t195(DRAM,32768B),t192(DRAM,50176B),t205(DRAM,100352B),t206(DRAM,100352B)]"
1,23,conv_3_1_res,,27773,28205,29773,29910,432,0,0,1568,137,0,"waiting_for=[t205(DRAM,100352B),t206(DRAM,100352B),t212(DRAM,200704B)]"
1,24,conv_3_2_a,,29911,30253,30254,30289,342,0,0,1,35,0,"waiting_for=[t215(DRAM,32768B),t212(DRAM,200704B),t222(DRAM,53760B)]"
1,25,conv_3_2_b,,30290,30494,30495,30616,204,0,0,1,121,0,"waiting_for=[t223(DRAM,73728B),t222(DRAM,53760B),t228(DRAM,50176B)]"
1,26,conv_3_2_c,,30617,31090,31091,31228,473,0,0,1,137,0,"waiting_for=[t231(DRAM,32768B),t228(DRAM,50176B),t241(DRAM,100352B),t242(DRAM,100352B)]"
1,27,conv_3_2_res,,31229,31661,33229,33366,432,0,0,1568,137,0,"waiting_for=[t241(DRAM,100352B),t242(DRAM,100352B),t248(DRAM,200704B)]"
1,28,conv_3_3_a,,33367,33709,33710,33745,342,0,0,1,35,0,"waiting_for=[t251(DRAM,32768B),t248(DRAM,200704B),t258(DRAM,53760B)]"
1,29,conv_3_3_b,,33746,33950,33951,34072,204,0,0,1,121,0,"waiting_for=[t259(DRAM,73728B),t258(DRAM,53760B),t264(DRAM,50176B)]"
1,30,conv_3_3_c,,34073,34550,34551,34744,477,0,0,1,193,0,"waiting_for=[t267(DRAM,32768B),t264(DRAM,50176B),t277(DRAM,100352B),t278(DRAM,100352B)]"
1,31,conv_3_3_res,,34745,35166,36734,36871,421,0,0,1568,137,0,"waiting_for=[t277(DRAM,100352B),t278(DRAM,100352B),t284(DRAM,179712B)]"
1,32,conv_4_0_a,,36872,37173,37174,37192,301,0,0,1,18,0,"waiting_for=[t287(DRAM,65536B),t284(DRAM,179712B),t294(DRAM,28672B)]"
1,33,conv_4_0_b,,37193,37650,37651,37719,457,0,0,1,68,0,"waiting_for=[t295(DRAM,294912B),t294(DRAM,28672B),t300(DRAM,25088B)]"
1,34,conv_4_0_c,,37720,38225,38226,38380,505,0,0,1,154,0,"waiting_for=[t303(DRAM,131072B),t300(DRAM,25088B),t306(DRAM,179712B)]"
1,35,conv_4_br,,38381,39014,39015,39084,633,0,0,1,69,0,"waiting_for=[t307(DRAM,262144B),t306(DRAM,179712B),t320(DRAM,50176B),t322(DRAM,50176B)]"
1,36,conv_4_0_res,,39085,39302,40086,40165,217,0,0,784,79,0,"waiting_for=[t320(DRAM,50176B),t322(DRAM,50176B),t328(DRAM,100352B)]"
1,37,conv_4_1_a,,40166,40472,40473,40491,306,0,0,1,18,0,"waiting_for=[t331(DRAM,131072B),t328(DRAM,100352B),t338(DRAM,28672B)]"
1,38,conv_4_1_b,,40492,40967,40968,41076,475,0,0,1,108,0,"waiting_for=[t339(DRAM,294912B),t338(DRAM,28672B),t344(DRAM,25088B)]"
1,39,conv_4_1_c,,41077,41380,41381,41516,303,0,0,1,135,0,"waiting_for=[t347(DRAM,131072B),t344(DRAM,25088B),t357(DRAM,50176B),t358(DRAM,50176B)]"
1,40,conv_4_1_res,,41517,41734,42518,42685,217,0,0,784,167,0,"waiting_for=[t357(DRAM,50176B),t358(DRAM,50176B),t364(DRAM,100352B)]"
1,41,conv_4_2_a,,42686,42992,42993,43095,306,0,0,1,102,0,"waiting_for=[t367(DRAM,131072B),t364(DRAM,100352B),t374(DRAM,28672B)]"
1,42,conv_4_2_b,,43096,43553,43554,43620,457,0,0,1,66,0,"waiting_for=[t375(DRAM,294912B),t374(DRAM,28672B),t380(DRAM,25088B)]"
1,43,conv_4_2_c,,43621,43924,43925,43994,303,0,0,1,69,0,"waiting_for=[t383(DRAM,131072B),t380(DRAM,25088B),t393(DRAM,50176B),t394(DRAM,50176B)]"
1,44,conv_4_2_res,,43995,44212,44996,45065,217,0,0,784,69,0,"waiting_for=[t393(DRAM,50176B),t394(DRAM,50176B),t400(DRAM,100352B)]"
1,45,conv_4_3_a,,45066,45390,45391,45409,324,0,0,1,18,0,"waiting_for=[t403(DRAM,131072B),t400(DRAM,100352B),t410(DRAM,28672B)]"
1,46,conv_4_3_b,,45410,45867,45868,45886,457,0,0,1,18,0,"waiting_for=[t411(DRAM,294912B),t410(DRAM,28672B),t416(DRAM,25088B)]"
1,47,conv_4_3_c,,45887,46190,46191,46267,303,0,0,1,76,0,"waiting_for=[t419(DRAM,131072B),t416(DRAM,25088B),t429(DRAM,50176B),t430(DRAM,50176B)]"
1,48,conv_4_3_res,,46268,46485,47269,47338,217,0,0,784,69,0,"waiting_for=[t429(DRAM,50176B),t430(DRAM,50176B),t436(DRAM,100352B)]"
1,49,conv_4_4_a,,47339,47663,47664,47682,324,0,0,1,18,0,"waiting_for=[t439(DRAM,131072B),t436(DRAM,100352B),t446(DRAM,28672B)]"
1,50,conv_4_4_b,,47683,48140,48141,48159,457,0,0,1,18,0,"waiting_for=[t447(DRAM,294912B),t446(DRAM,28672B),t452(DRAM,25088B)]"
1,51,conv_4_4_c,,48160,48463,48464,48540,303,0,0,1,76,0,"waiting_for=[t455(DRAM,131072B),t452(DRAM,25088B),t465(DRAM,50176B),t466(DRAM,50176B)]"
1,52,conv_4_4_res,,48541,48758,49542,49611,217,0,0,784,69,0,"waiting_for=[t465(DRAM,50176B),t466(DRAM,50176B),t472(DRAM,100352B)]"
1,53,conv_4_5_a,,49612,49936,49937,49955,324,0,0,1,18,0,"waiting_for=[t475(DRAM,131072B),t472(DRAM,100352B),t482(DRAM,28672B)]"
1,54,conv_4_5_b,,49956,50413,50414,50435,457,0,0,1,21,0,"waiting_for=[t483(DRAM,294912B),t482(DRAM,28672B),t488(DRAM,25088B)]"
1,55,conv_4_5_c,,50436,50828,50829,50904,392,0,0,1,75,0,"waiting_for=[t491(DRAM,131072B),t488(DRAM,25088B),t501(DRAM,50176B),t502(DRAM,50176B)]"
1,56,conv_4_5_res,,50905,51499,52283,52440,594,0,0,784,157,0,"waiting_for=[t501(DRAM,50176B),t502(DRAM,50176B),t505(DRAM,173056B)]"
1,57,conv_5_0_a,,52441,52824,52825,53105,383,0,0,1,280,0,"waiting_for=[t512(DRAM,131072B),t505(DRAM,173056B),t514(DRAM,25088B)]"
1,58,conv_5_0_b,,53106,53963,53964,54026,857,0,0,1,62,0,"waiting_for=[t521(DRAM,589824B),t514(DRAM,25088B),t523(DRAM,25088B)]"
1,59,conv_5_0_c,,54027,54580,54581,54737,553,0,0,1,156,0,"waiting_for=[t530(DRAM,262144B),t523(DRAM,25088B),t532(DRAM,173056B)]"
1,60,conv_5_br,,54738,55864,55865,55900,1126,0,0,1,35,0,"waiting_for=[t535(DRAM,524288B),t532(DRAM,173056B),t548(DRAM,25088B),t550(DRAM,25088B)]"
1,61,conv_5_0_res,,55901,56059,56451,56535,158,0,0,392,84,0,"waiting_for=[t548(DRAM,25088B),t550(DRAM,25088B),t553(DRAM,100352B)]"
1,62,conv_5_1_a,,56536,57037,57038,57168,501,0,0,1,130,0,"waiting_for=[t560(DRAM,262144B),t553(DRAM,100352B),t562(DRAM,25088B)]"
1,63,conv_5_1_b,,57169,58027,58028,58038,858,0,0,1,10,0,"waiting_for=[t569(DRAM,589824B),t562(DRAM,25088B),t571(DRAM,25088B)]"
1,64,conv_5_1_c,,58039,58472,58473,58555,433,0,0,1,82,0,"waiting_for=[t578(DRAM,262144B),t571(DRAM,25088B),t588(DRAM,25088B),t589(DRAM,25088B)]"
1,65,conv_5_1_res,,58556,58722,59114,59149,166,0,0,392,35,0,"waiting_for=[t588(DRAM,25088B),t589(DRAM,25088B),t592(DRAM,100352B)]"
1,66,conv_5_2_a,,59150,59632,59633,59703,482,0,0,1,70,0,"waiting_for=[t599(DRAM,262144B),t592(DRAM,100352B),t601(DRAM,25088B)]"
1,67,conv_5_2_b,,59704,60560,60561,60571,856,0,0,1,10,0,"waiting_for=[t608(DRAM,589824B),t601(DRAM,25088B),t610(DRAM,25088B)]"
1,68,conv_5_2_c,,60572,61005,61006,61041,433,0,0,1,35,0,"waiting_for=[t617(DRAM,262144B),t610(DRAM,25088B),t627(DRAM,25088B),t628(DRAM,25088B)]"
1,69,conv_5_2_res,,61042,61127,61519,61554,85,0,0,392,35,0,"waiting_for=[t627(DRAM,25088B),t628(DRAM,25088B),t636(DRAM,25088B)]"
1,70,pool5,,61555,61593,61601,61603,38,0,0,8,2,0,"waiting_for=[t636(DRAM,25088B),t639(DRAM,2048B)]"
1,71,fc,,61604,62307,62308,62310,703,0,0,1,2,0,"waiting_for=[t649(DRAM,512000B),t639(DRAM,2048B)]"
2,0,conv1,,0,449,450,889,449,0,0,1,439,0,"waiting_for=[t0(DRAM,4704B),t2(DRAM,76608B),t7(DRAM,200704B)]"
2,1,pool1,,890,1283,2067,2143,393,0,0,784,76,0,"waiting_for=[t7(DRAM,200704B)]"
2,2,conv_2_0_a,,2144,2342,2343,2460,198,0,0,1,117,0,"waiting_for=[t12(DRAM,2048B),t16(DRAM,100352B)]"
2,3,conv_2_0_b,,2461,2689,2690,2846,228,0,0,1,156,0,"waiting_for=[t20(DRAM,18432B),t26(DRAM,103936B)]"
2,4,conv_2_0_c,,2847,3248,3249,3953,401,0,0,1,704,0,"waiting_for=[t28(DRAM,8192B),t32(DRAM,100352B),t38(DRAM,100352B)]"
2,5,conv_2_br,,3954,4686,4687,5219,732,0,0,1,532,0,"waiting_for=[t36(DRAM,8192B),t38(DRAM,100352B),t44(DRAM,200704B),t46(DRAM,200704B)]"
2,6,conv_2_0_res,,5220,5692,8828,9178,472,0,0,3136,350,0,"waiting_for=[t44(DRAM,200704B),t46(DRAM,200704B)]"
2,7,conv_2_1_a,,9179,9969,9970,10039,790,0,0,1,69,0,"waiting_for=[t56(DRAM,8192B),t60(DRAM,401408B)]"
2,8,conv_2_1_b,,10040,10211,10212,10347,171,0,0,1,135,0,"waiting_for=[t64(DRAM,18432B),t70(DRAM,103936B)]"
2,9,conv_2_1_c,,10348,11080,11081,11390,732,0,0,1,309,0,"waiting_for=[t72(DRAM,8192B),t76(DRAM,100352B),t83(DRAM,200704B),t84(DRAM,200704B)]"
2,10,conv_2_1_res,,11391,12175,15311,15629,784,0,0,3136,318,0,"waiting_for=[t83(DRAM,200704B),t84(DRAM,200704B)]"
2,11,conv_2_2_a,,15630,16261,16262,16331,631,0,0,1,69,0,"waiting_for=[t92(DRAM,8192B),t96(DRAM,401408B)]"
2,12,conv_2_2_b,,16332,16503,16504,16640,171,0,0,1,136,0,"waiting_for=[t100(DRAM,18432B),t106(DRAM,103936B)]"
2,13,conv_2_2_c,,16641,17261,17262,17623,620,0,0,1,361,0,"waiting_for=[t108(DRAM,8192B),t112(DRAM,100352B),t119(DRAM,200704B),t120(DRAM,200704B)]"
2,14,conv_2_2_res,,17624,18095,21231,21643,471,0,0,3136,412,0,"waiting_for=[t119(DRAM,200704B),t120(DRAM,200704B)]"
2,15,conv_3_0_a,,21644,22346,22347,22382,702,0,0,1,35,0,"waiting_for=[t128(DRAM,16384B),t132(DRAM,380160B)]"
2,16,conv_3_0_b,,22383,22538,22539,22714,155,0,0,1,175,0,"waiting_for=[t136(DRAM,73728B),t142(DRAM,53760B)]"
2,17,conv_3_0_c,,22715,23278,23279,23659,563,0,0,1,380,0,"waiting_for=[t144(DRAM,32768B),t148(DRAM,50176B),t154(DRAM,380160B)]"
2,18,conv_3_br,,23660,24441,24442,24631,781,0,0,1,189,0,"waiting_for=[t152(DRAM,65536B),t154(DRAM,380160B),t160(DRAM,100352B),t162(DRAM,100352B)]"
2,19,conv_3_0_res,,24632,24868,26436,26675,236,0,0,1568,239,0,"waiting_for=[t160(DRAM,100352B),t162(DRAM,100352B)]"
2,20,conv_3_1_a,,26676,26964,26965,27000,288,0,0,1,35,0,"waiting_for=[t172(DRAM,32768B),t176(DRAM,200704B)]"
2,21,conv_3_1_b,,27001,27156,27157,27343,155,0,0,1,186,0,"waiting_for=[t180(DRAM,73728B),t186(DRAM,53760B)]"
2,22,conv_3_1_c,,27344,27745,27746,27989,401,0,0,1,243,0,"waiting_for=[t188(DRAM,32768B),t192(DRAM,50176B),t199(DRAM,100352B),t200(DRAM,100352B)]"
2,23,conv_3_1_res,,27990,28447,30015,30152,457,0,0,1568,137,0,"waiting_for=[t199(DRAM,100352B),t200(DRAM,100352B)]"
2,24,conv_3_2_a,,30153,30441,30442,30477,288,0,0,1,35,0,"waiting_for=[t208(DRAM,32768B),t212(DRAM,200704B)]"
2,25,conv_3_2_b,,30478,30671,30672,30920,193,0,0,1,248,0,"waiting_for=[t216(DRAM,73728B),t222(DRAM,53760B)]"
2,26,conv_3_2_c,,30921,31212,31213,31445,291,0,0,1,232,0,"waiting_for=[t224(DRAM,32768B),t228(DRAM,50176B),t235(DRAM,100352B),t236(DRAM,100352B)]"
2,27,conv_3_2_res,,31446,31903,33471,33608,457,0,0,1568,137,0,"waiting_for=[t235(DRAM,100352B),t236(DRAM,100352B)]"
2,28,conv_3_3_a,,33609,33897,33898,33933,288,0,0,1,35,0,"waiting_for=[t244(DRAM,32768B),t248(DRAM,200704B)]"
2,29,conv_3_3_b,,33934,34127,34128,34381,193,0,0,1,253,0,"waiting_for=[t252(DRAM,73728B),t258(DRAM,53760B)]"
2,30,conv_3_3_c,,34382,34673,34674,35053,291,0,0,1,379,0,"waiting_for=[t260(DRAM,32768B),t264(DRAM,50176B),t271(DRAM,100352B),t272(DRAM,100352B)]"
2,31,conv_3_3_res,,35054,35294,36862,37018,240,0,0,1568,156,0,"waiting_for=[t271(DRAM,100352B),t272(DRAM,100352B)]"
2,32,conv_4_0_a,,37019,37292,37293,37354,273,0,0,1,61,0,"waiting_for=[t280(DRAM,65536B),t284(DRAM,179712B)]"
2,33,conv_4_0_b,,37355,37878,37879,37982,523,0,0,1,103,0,"waiting_for=[t288(DRAM,294912B),t294(DRAM,28672B)]"
2,34,conv_4_0_c,,37983,38367,38368,38613,384,0,0,1,245,0,"waiting_for=[t296(DRAM,131072B),t300(DRAM,25088B),t306(DRAM,179712B)]"
2,35,conv_4_br,,38614,39271,39272,39533,657,0,0,1,261,0,"waiting_for=[t304(DRAM,262144B),t306(DRAM,179712B),t312(DRAM,50176B),t314(DRAM,50176B)]"
2,36,conv_4_0_res,,39534,39653,40437,40511,119,0,0,784,74,0,"waiting_for=[t312(DRAM,50176B),t314(DRAM,50176B)]"
2,37,conv_4_1_a,,40512,40924,40925,40943,412,0,0,1,18,0,"waiting_for=[t324(DRAM,131072B),t328(DRAM,100352B)]"
2,38,conv_4_1_b,,40944,41376,41377,41395,432,0,0,1,18,0,"waiting_for=[t332(DRAM,294912B),t338(DRAM,28672B)]"
2,39,conv_4_1_c,,41396,41699,41700,41769,303,0,0,1,69,0,"waiting_for=[t340(DRAM,131072B),t344(DRAM,25088B),t351(DRAM,50176B),t352(DRAM,50176B)]"
2,40,conv_4_1_res,,41770,41889,42673,42808,119,0,0,784,135,0,"waiting_for=[t351(DRAM,50176B),t352(DRAM,50176B)]"
2,41,conv_4_2_a,,42809,43087,43088,43237,278,0,0,1,149,0,"waiting_for=[t360(DRAM,131072B),t364(DRAM,100352B)]"
2,42,conv_4_2_b,,43238,43670,43671,43726,432,0,0,1,55,0,"waiting_for=[t368(DRAM,294912B),t374(DRAM,28672B)]"
2,43,conv_4_2_c,,43727,44030,44031,44100,303,0,0,1,69,0,"waiting_for=[t376(DRAM,131072B),t380(DRAM,25088B),t387(DRAM,50176B),t388(DRAM,50176B)]"
2,44,conv_4_2_res,,44101,44220,45004,45085,119,0,0,784,81,0,"waiting_for=[t387(DRAM,50176B),t388(DRAM,50176B)]"
2,45,conv_4_3_a,,45086,45464,45465,45551,378,0,0,1,86,0,"waiting_for=[t396(DRAM,131072B),t400(DRAM,100352B)]"
2,46,conv_4_3_b,,45552,45984,45985,46003,432,0,0,1,18,0,"waiting_for=[t404(DRAM,294912B),t410(DRAM,28672B)]"
2,47,conv_4_3_c,,46004,46307,46308,46377,303,0,0,1,69,0,"waiting_for=[t412(DRAM,131072B),t416(DRAM,25088B),t423(DRAM,50176B),t424(DRAM,50176B)]"
2,48,conv_4_3_res,,46378,46497,47281,47358,119,0,0,784,77,0,"waiting_for=[t423(DRAM,50176B),t424(DRAM,50176B)]"
2,49,conv_4_4_a,,47359,47737,47738,47824,378,0,0,1,86,0,"waiting_for=[t432(DRAM,131072B),t436(DRAM,100352B)]"
2,50,conv_4_4_b,,47825,48257,48258,48276,432,0,0,1,18,0,"waiting_for=[t440(DRAM,294912B),t446(DRAM,28672B)]"
2,51,conv_4_4_c,,48277,48580,48581,48650,303,0,0,1,69,0,"waiting_for=[t448(DRAM,131072B),t452(DRAM,25088B),t459(DRAM,50176B),t460(DRAM,50176B)]"
2,52,conv_4_4_res,,48651,48770,49554,49631,119,0,0,784,77,0,"waiting_for=[t459(DRAM,50176B),t460(DRAM,50176B)]"
2,53,conv_4_5_a,,49632,50010,50011,50097,378,0,0,1,86,0,"waiting_for=[t468(DRAM,131072B),t472(DRAM,100352B)]"
2,54,conv_4_5_b,,50098,50530,50531,50630,432,0,0,1,99,0,"waiting_for=[t476(DRAM,294912B),t482(DRAM,28672B)]"
2,55,conv_4_5_c,,50631,50934,50935,51324,303,0,0,1,389,0,"waiting_for=[t484(DRAM,131072B),t488(DRAM,25088B),t495(DRAM,50176B),t496(DRAM,50176B)]"
2,56,conv_4_5_res,,51325,51447,52231,52300,122,0,0,784,69,0,"waiting_for=[t495(DRAM,50176B),t496(DRAM,50176B)]"
2,57,conv_5_0_a,,52301,52650,52651,52723,349,0,0,1,72,0,"waiting_for=[t510(DRAM,131072B),t505(DRAM,173056B)]"
2,58,conv_5_0_b,,52724,53575,53576,53603,851,0,0,1,27,0,"waiting_for=[t519(DRAM,589824B),t514(DRAM,25088B)]"
2,59,conv_5_0_c,,53604,54396,54397,54432,792,0,0,1,35,0,"waiting_for=[t528(DRAM,262144B),t523(DRAM,25088B),t532(DRAM,173056B)]"
2,60,conv_5_br,,54433,55369,55370,55640,936,0,0,1,270,0,"waiting_for=[t533(DRAM,524288B),t532(DRAM,173056B),t540(DRAM,25088B),t542(DRAM,25088B)]"
2,61,conv_5_0_res,,55641,55701,56093,56128,60,0,0,392,35,0,"waiting_for=[t540(DRAM,25088B),t542(DRAM,25088B)]"
2,62,conv_5_1_a,,56129,56586,56587,56710,457,0,0,1,123,0,"waiting_for=[t558(DRAM,262144B),t553(DRAM,100352B)]"
2,63,conv_5_1_b,,56711,57543,57544,57558,832,0,0,1,14,0,"waiting_for=[t567(DRAM,589824B),t562(DRAM,25088B)]"
2,64,conv_5_1_c,,57559,58232,58233,58268,673,0,0,1,35,0,"waiting_for=[t576(DRAM,262144B),t571(DRAM,25088B),t582(DRAM,25088B),t583(DRAM,25088B)]"
2,65,conv_5_1_res,,58269,58329,58721,58837,60,0,0,392,116,0,"waiting_for=[t582(DRAM,25088B),t583(DRAM,25088B)]"
2,66,conv_5_2_a,,58838,59295,59296,59306,457,0,0,1,10,0,"waiting_for=[t597(DRAM,262144B),t592(DRAM,100352B)]"
2,67,conv_5_2_b,,59307,60139,60140,60270,832,0,0,1,130,0,"waiting_for=[t606(DRAM,589824B),t601(DRAM,25088B)]"
2,68,conv_5_2_c,,60271,60704,60705,60740,433,0,0,1,35,0,"waiting_for=[t615(DRAM,262144B),t610(DRAM,25088B),t621(DRAM,25088B),t622(DRAM,25088B)]"
2,69,conv_5_2_res,,60741,60826,61218,61253,85,0,0,392,35,0,"waiting_for=[t621(DRAM,25088B),t622(DRAM,25088B),t632(DRAM,25088B)]"
2,70,pool5,,61254,61290,61298,61300,36,0,0,8,2,0,"waiting_for=[t632(DRAM,25088B)]"
2,71,fc,,61301,62014,62015,62025,713,0,0,1,10,0,"waiting_for=[t645(DRAM,512000B),t639(DRAM,2048B)]"
3,0,conv1,,0,361,362,693,361,0,0,1,331,0,"waiting_for=[t3(DRAM,4704B),t1(DRAM,77280B)]"
3,1,pool1,,694,1267,2051,2124,573,0,0,784,73,0,"waiting_for=[t8(DRAM,204288B),t13(DRAM,100352B)]"
3,2,conv_2_0_a,,2125,2282,2283,2352,157,0,0,1,69,0,"waiting_for=[t19(DRAM,2048B),t13(DRAM,100352B)]"
3,3,conv_2_0_b,,2353,2637,2638,2826,284,0,0,1,188,0,"waiting_for=[t27(DRAM,18432B),t21(DRAM,103936B),t29(DRAM,100352B)]"
3,4,conv_2_0_c,,2827,3167,3168,3717,340,0,0,1,549,0,"waiting_for=[t35(DRAM,8192B),t29(DRAM,100352B),t37(DRAM,100352B)]"
3,5,conv_2_br,,3718,4487,4488,4825,769,0,0,1,337,0,"waiting_for=[t39(DRAM,8192B),t37(DRAM,100352B),t48(DRAM,200704B),t50(DRAM,200704B)]"
3,6,conv_2_0_res,,4826,5689,8825,9100,863,0,0,3136,275,0,"waiting_for=[t48(DRAM,200704B),t50(DRAM,200704B),t57(DRAM,401408B)]"
3,7,conv_2_1_a,,9101,9809,9810,9879,708,0,0,1,69,0,"waiting_for=[t63(DRAM,8192B),t57(DRAM,401408B)]"
3,8,conv_2_1_b,,9880,10129,10130,10328,249,0,0,1,198,0,"waiting_for=[t71(DRAM,18432B),t65(DRAM,103936B),t73(DRAM,100352B)]"
3,9,conv_2_1_c,,10329,10881,10882,11312,552,0,0,1,430,0,"waiting_for=[t79(DRAM,8192B),t73(DRAM,100352B),t86(DRAM,200704B),t87(DRAM,200704B)]"
3,10,conv_2_1_res,,11313,12253,15389,15707,940,0,0,3136,318,0,"waiting_for=[t86(DRAM,200704B),t87(DRAM,200704B),t93(DRAM,401408B)]"
3,11,conv_2_2_a,,15708,16421,16422,16620,713,0,0,1,198,0,"waiting_for=[t99(DRAM,8192B),t93(DRAM,401408B)]"
3,12,conv_2_2_b,,16621,16889,16890,16959,268,0,0,1,69,0,"waiting_for=[t107(DRAM,18432B),t101(DRAM,103936B),t109(DRAM,100352B)]"
3,13,conv_2_2_c,,16960,17493,17494,17860,533,0,0,1,366,0,"waiting_for=[t115(DRAM,8192B),t109(DRAM,100352B),t122(DRAM,200704B),t123(DRAM,200704B)]"
3,14,conv_2_2_res,,17861,18704,21840,22115,843,0,0,3136,275,0,"waiting_for=[t122(DRAM,200704B),t123(DRAM,200704B),t129(DRAM,380160B)]"
3,15,conv_3_0_a,,22116,22654,22655,22724,538,0,0,1,69,0,"waiting_for=[t135(DRAM,16384B),t129(DRAM,380160B)]"
3,16,conv_3_0_b,,22725,23108,23109,23144,383,0,0,1,35,0,"waiting_for=[t143(DRAM,73728B),t137(DRAM,53760B),t145(DRAM,50176B)]"
3,17,conv_3_0_c,,23145,23739,23740,24081,594,0,0,1,341,0,"waiting_for=[t151(DRAM,32768B),t145(DRAM,50176B),t153(DRAM,380160B)]"
3,18,conv_3_br,,24082,24826,24827,24964,744,0,0,1,137,0,"waiting_for=[t155(DRAM,65536B),t153(DRAM,380160B),t164(DRAM,100352B),t166(DRAM,100352B)]"
3,19,conv_3_0_res,,24965,25397,26965,27102,432,0,0,1568,137,0,"waiting_for=[t164(DRAM,100352B),t166(DRAM,100352B),t173(DRAM,200704B)]"
3,20,conv_3_1_a,,27103,27439,27440,27575,336,0,0,1,135,0,"waiting_for=[t179(DRAM,32768B),t173(DRAM,200704B)]"
3,21,conv_3_1_b,,27576,27789,27790,27940,213,0,0,1,150,0,"waiting_for=[t187(DRAM,73728B),t181(DRAM,53760B),t189(DRAM,50176B)]"
3,22,conv_3_1_c,,27941,28280,28281,28418,339,0,0,1,137,0,"waiting_for=[t195(DRAM,32768B),t189(DRAM,50176B),t202(DRAM,100352B),t203(DRAM,100352B)]"
3,23,conv_3_1_res,,28419,28851,30419,30567,432,0,0,1568,148,0,"waiting_for=[t202(DRAM,100352B),t203(DRAM,100352B),t209(DRAM,200704B)]"
3,24,conv_3_2_a,,30568,30905,30906,31042,337,0,0,1,136,0,"waiting_for=[t215(DRAM,32768B),t209(DRAM,200704B)]"
3,25,conv_3_2_b,,31043,31256,31257,31396,213,0,0,1,139,0,"waiting_for=[t223(DRAM,73728B),t217(DRAM,53760B),t225(DRAM,50176B)]"
3,26,conv_3_2_c,,31397,31736,31737,31874,339,0,0,1,137,0,"waiting_for=[t231(DRAM,32768B),t225(DRAM,50176B),t238(DRAM,100352B),t239(DRAM,100352B)]"
3,27,conv_3_2_res,,31875,32307,33875,34023,432,0,0,1568,148,0,"waiting_for=[t238(DRAM,100352B),t239(DRAM,100352B),t245(DRAM,200704B)]"
3,28,conv_3_3_a,,34024,34361,34362,34503,337,0,0,1,141,0,"waiting_for=[t251(DRAM,32768B),t245(DRAM,200704B)]"
3,29,conv_3_3_b,,34504,34712,34713,34753,208,0,0,1,40,0,"waiting_for=[t259(DRAM,73728B),t253(DRAM,53760B),t261(DRAM,50176B)]"
3,30,conv_3_3_c,,34754,35193,35194,35331,439,0,0,1,137,0,"waiting_for=[t267(DRAM,32768B),t261(DRAM,50176B),t274(DRAM,100352B),t275(DRAM,100352B)]"
3,31,conv_3_3_res,,35332,35744,37312,37612,412,0,0,1568,300,0,"waiting_for=[t274(DRAM,100352B),t275(DRAM,100352B),t281(DRAM,179712B)]"
3,32,conv_4_0_a,,37613,37896,37897,37987,283,0,0,1,90,0,"waiting_for=[t287(DRAM,65536B),t281(DRAM,179712B)]"
3,33,conv_4_0_b,,37988,38575,38576,38618,587,0,0,1,42,0,"waiting_for=[t295(DRAM,294912B),t289(DRAM,28672B),t297(DRAM,25088B)]"
3,34,conv_4_0_c,,38619,39230,39231,39300,611,0,0,1,69,0,"waiting_for=[t303(DRAM,131072B),t297(DRAM,25088B),t305(DRAM,179712B)]"
3,35,conv_4_br,,39301,39934,39935,40065,633,0,0,1,130,0,"waiting_for=[t307(DRAM,262144B),t305(DRAM,179712B),t316(DRAM,50176B),t318(DRAM,50176B)]"
3,36,conv_4_0_res,,40066,40283,41067,41216,217,0,0,784,149,0,"waiting_for=[t316(DRAM,50176B),t318(DRAM,50176B),t325(DRAM,100352B)]"
3,37,conv_4_1_a,,41217,41534,41535,41601,317,0,0,1,66,0,"waiting_for=[t331(DRAM,131072B),t325(DRAM,100352B)]"
3,38,conv_4_1_b,,41602,42059,42060,42078,457,0,0,1,18,0,"waiting_for=[t339(DRAM,294912B),t333(DRAM,28672B),t341(DRAM,25088B)]"
3,39,conv_4_1_c,,42079,42382,42383,42452,303,0,0,1,69,0,"waiting_for=[t347(DRAM,131072B),t341(DRAM,25088B),t354(DRAM,50176B),t355(DRAM,50176B)]"
3,40,conv_4_1_res,,42453,42670,43454,43523,217,0,0,784,69,0,"waiting_for=[t354(DRAM,50176B),t355(DRAM,50176B),t361(DRAM,100352B)]"
3,41,conv_4_2_a,,43524,43802,43803,43832,278,0,0,1,29,0,"waiting_for=[t367(DRAM,131072B),t361(DRAM,100352B)]"
3,42,conv_4_2_b,,43833,44290,44291,44309,457,0,0,1,18,0,"waiting_for=[t375(DRAM,294912B),t369(DRAM,28672B),t377(DRAM,25088B)]"
3,43,conv_4_2_c,,44310,44613,44614,44683,303,0,0,1,69,0,"waiting_for=[t383(DRAM,131072B),t377(DRAM,25088B),t390(DRAM,50176B),t391(DRAM,50176B)]"
3,44,conv_4_2_res,,44684,44901,45685,45759,217,0,0,784,74,0,"waiting_for=[t390(DRAM,50176B),t391(DRAM,50176B),t397(DRAM,100352B)]"
3,45,conv_4_3_a,,45760,46038,46039,46109,278,0,0,1,70,0,"waiting_for=[t403(DRAM,131072B),t397(DRAM,100352B)]"
3,46,conv_4_3_b,,46110,46567,46568,46586,457,0,0,1,18,0,"waiting_for=[t411(DRAM,294912B),t405(DRAM,28672B),t413(DRAM,25088B)]"
3,47,conv_4_3_c,,46587,46890,46891,46960,303,0,0,1,69,0,"waiting_for=[t419(DRAM,131072B),t413(DRAM,25088B),t426(DRAM,50176B),t427(DRAM,50176B)]"
3,48,conv_4_3_res,,46961,47178,47962,48032,217,0,0,784,70,0,"waiting_for=[t426(DRAM,50176B),t427(DRAM,50176B),t433(DRAM,100352B)]"
3,49,conv_4_4_a,,48033,48311,48312,48382,278,0,0,1,70,0,"waiting_for=[t439(DRAM,131072B),t433(DRAM,100352B)]"
3,50,conv_4_4_b,,48383,48840,48841,48859,457,0,0,1,18,0,"waiting_for=[t447(DRAM,294912B),t441(DRAM,28672B),t449(DRAM,25088B)]"
3,51,conv_4_4_c,,48860,49163,49164,49233,303,0,0,1,69,0,"waiting_for=[t455(DRAM,131072B),t449(DRAM,25088B),t462(DRAM,50176B),t463(DRAM,50176B)]"
3,52,conv_4_4_res,,49234,49451,50235,50429,217,0,0,784,194,0,"waiting_for=[t462(DRAM,50176B),t463(DRAM,50176B),t469(DRAM,100352B)]"
3,53,conv_4_5_a,,50430,50713,50714,50736,283,0,0,1,22,0,"waiting_for=[t475(DRAM,131072B),t469(DRAM,100352B)]"
3,54,conv_4_5_b,,50737,51194,51195,51329,457,0,0,1,134,0,"waiting_for=[t483(DRAM,294912B),t477(DRAM,28672B),t485(DRAM,25088B)]"
3,55,conv_4_5_c,,51330,51671,51672,51740,341,0,0,1,68,0,"waiting_for=[t491(DRAM,131072B),t485(DRAM,25088B),t498(DRAM,50176B),t499(DRAM,50176B)]"
3,56,conv_4_5_res,,51741,51860,52644,52743,119,0,0,784,99,0,"waiting_for=[t498(DRAM,50176B),t499(DRAM,50176B)]"
3,57,conv_5_0_a,,52744,53332,53333,53601,588,0,0,1,268,0,"waiting_for=[t511(DRAM,131072B),t505(DRAM,173056B)]"
3,58,conv_5_0_b,,53602,54435,54436,54728,833,0,0,1,292,0,"waiting_for=[t520(DRAM,589824B),t514(DRAM,25088B)]"
3,59,conv_5_0_c,,54729,55301,55302,55337,572,0,0,1,35,0,"waiting_for=[t529(DRAM,262144B),t523(DRAM,25088B),t532(DRAM,173056B)]"
3,60,conv_5_br,,55338,56274,56275,56525,936,0,0,1,250,0,"waiting_for=[t534(DRAM,524288B),t532(DRAM,173056B),t544(DRAM,25088B),t546(DRAM,25088B)]"
3,61,conv_5_0_res,,56526,56595,56987,57022,69,0,0,392,35,0,"waiting_for=[t544(DRAM,25088B),t546(DRAM,25088B)]"
3,62,conv_5_1_a,,57023,57480,57481,57556,457,0,0,1,75,0,"waiting_for=[t559(DRAM,262144B),t553(DRAM,100352B)]"
3,63,conv_5_1_b,,57557,58391,58392,58402,834,0,0,1,10,0,"waiting_for=[t568(DRAM,589824B),t562(DRAM,25088B)]"
3,64,conv_5_1_c,,58403,58836,58837,58990,433,0,0,1,153,0,"waiting_for=[t577(DRAM,262144B),t571(DRAM,25088B),t585(DRAM,25088B),t586(DRAM,25088B)]"
3,65,conv_5_1_res,,58991,59051,59443,59557,60,0,0,392,114,0,"waiting_for=[t585(DRAM,25088B),t586(DRAM,25088B)]"
3,66,conv_5_2_a,,59558,60015,60016,60026,457,0,0,1,10,0,"waiting_for=[t598(DRAM,262144B),t592(DRAM,100352B)]"
3,67,conv_5_2_b,,60027,60859,60860,60870,832,0,0,1,10,0,"waiting_for=[t607(DRAM,589824B),t601(DRAM,25088B)]"
3,68,conv_5_2_c,,60871,61304,61305,61512,433,0,0,1,207,0,"waiting_for=[t616(DRAM,262144B),t610(DRAM,25088B),t624(DRAM,25088B),t625(DRAM,25088B)]"
3,69,conv_5_2_res,,61513,61598,61990,62025,85,0,0,392,35,0,"waiting_for=[t624(DRAM,25088B),t625(DRAM,25088B),t634(DRAM,25088B)]"
3,70,pool5,,62026,62062,62070,62072,36,0,0,8,2,0,"waiting_for=[t634(DRAM,25088B)]"
3,71,fc,,62073,62776,62777,62779,703,0,0,1,2,0,"waiting_for=[t647(DRAM,512000B),t639(DRAM,2048B)]"
